<?xml version="1.0" encoding="UTF-8"?><metadata>
    <idinfo>
        <citation>
            <citeinfo>
                <origin/>
                <title>Pavement Condition</title>
                <geoform>vector digital data</geoform>
            </citeinfo>
        </citation>
        <descript>
            <abstract>By using this data, you agree to the SEMCOG Copyright License Agreement.The road condition data is collected annually from late Spring to late Fall using Roadsoft. The data is exported from Roadsoft, migrated to the MGF, then joined to historical data for the region.</abstract>
            <purpose>Data was collected as part of the State of Michigan's Transportation Asset Management Council annual road condition assessment. Road condition data was collected by crews that include people from SEMCOG, WATS, SCCOTS, road commissions, the City of Detroit, and MDOT. Road condition data on local roads is collected by the community that has jurisdiction over the road.</purpose>
        </descript>
        <spdom>
            <bounding>
                <westbc>-84.16166</westbc>
                <eastbc>-82.413903</eastbc>
                <northbc>43.18372</northbc>
                <southbc>41.708969</southbc>
            </bounding>
        </spdom>
        <keywords>
            <theme>
                <themekt>None</themekt>
                <themekey>road</themekey>
                <themekey>PASER data</themekey>
                <themekey>condition</themekey>
                <themekey>Road condition data</themekey>
                <themekey>lanes surface type</themekey>
                <themekey>southeast Michigan</themekey>
                <themekey>good roads</themekey>
                <themekey>asset management</themekey>
                <themekey>fair roads</themekey>
                <themekey>poor roads</themekey>
                <themekey>rating</themekey>
            </theme>
            <theme>
                <themekt>ISO 19115 Topic Categories</themekt>
                <themekey>transportation</themekey>
            </theme>
        </keywords>
        <accconst>None</accconst>
        <useconst>By using this data, you agree to the SEMCOG Copyright License Agreement.</useconst>
        <ptcontac>
            <cntinfo>
                <cntorgp>
                    <cntorg>Southeast Michigan Council of Governments (SEMCOG)</cntorg>
                </cntorgp>
                <cntaddr>
                    <addrtype>mailing and physical</addrtype>
                    <address>1001 Woodward Avenue, Suite 1400</address>
                    <city>Detroit</city>
                    <state>Michigan</state>
                    <postal>48226-1904</postal>
                    <country>UM</country>
                </cntaddr>
                <cntvoice>313-961-4266</cntvoice>
                <cntfax>313-961-4869</cntfax>
                <cntemail>infocenter@semcog.org</cntemail>
            </cntinfo>
        </ptcontac>
        <datacred>Southeast Michigan Council of Governments (SEMCOG)</datacred>
        <native>Version 6.2 (Build 9200) ; Esri ArcGIS 10.5.0.6491</native>
    </idinfo>
    <spdoinfo>
        <direct>Vector</direct>
        <ptvctinf>
            <sdtsterm>
                <sdtstype>String</sdtstype>
                <ptvctcnt>203197</ptvctcnt>
            </sdtsterm>
        </ptvctinf>
    </spdoinfo>
    <eainfo>
        <detailed>
            <enttyp>
                <enttypl>Pavement Condition</enttypl>
            </enttyp>
            <attr>
                <attrlabl>FID</attrlabl>
                <attrdef>Internal feature number.</attrdef>
                <attrdefs>Esri</attrdefs>
                <attrdomv>
                                        					
                    
                    <udom>Sequential unique whole numbers that are automatically generated.</udom>
                                        				
                
                </attrdomv>
            </attr>
            <attr>
                <attrlabl>NFC</attrlabl>
                <attrdef>National Functional Classification</attrdef>
                <attrdefs>Michigan Geographic Framework (MGF)</attrdefs>
            </attr>
            <attr>
                <attrlabl>OBJECTID</attrlabl>
                <attrdef>Internal feature number.</attrdef>
                <attrdefs>Esri</attrdefs>
                <attrdomv>
                                        					
                    
                    <udom>Sequential unique whole numbers that are automatically generated.</udom>
                                        				
                
                </attrdomv>
            </attr>
            <attr>
                <attrlabl>SEMMCDL</attrlabl>
                <attrdef>SEMCOG Minor Civil Division code for the left side of the road.</attrdef>
                <attrdefs>Michigan Geographic Framework (MGF)</attrdefs>
            </attr>
            <attr>
                <attrlabl>NHS</attrlabl>
                <attrdef>Values 0 through 6.</attrdef>
                <attrdefs>Michigan Geographic Framework (MGF)</attrdefs>
            </attr>
            <attr>
                <attrlabl>FALINK_ID</attrlabl>
                <attrdef>FA Link ID generated from SEMCOG's FALINK table. Aggregates smaller links into a larger link for some analyses.</attrdef>
                <attrdefs>SEMCOG</attrdefs>
            </attr>
            <attr>
                <attrlabl>EVALYEAR</attrlabl>
                <attrdef>Year PASER rating was made.</attrdef>
                <attrdefs>Observation</attrdefs>
                <attrdomv>
                                        					
                    
                    <edom>
                                                						
                        
                        <edomv>2009</edomv>
                                                					
                    
                    </edom>
                                        				
                
                </attrdomv>
                <attrdomv>
                                        					
                    
                    <edom>
                                                						
                        
                        <edomv>2010</edomv>
                                                					
                    
                    </edom>
                                        				
                
                </attrdomv>
                <attrdomv>
                                        					
                    
                    <edom>
                                                						
                        
                        <edomv>2011</edomv>
                                                					
                    
                    </edom>
                                        				
                
                </attrdomv>
                <attrdomv>
                                        					
                    
                    <edom>
                                                						
                        
                        <edomv>2016</edomv>
                                                					
                    
                    </edom>
                                        				
                
                </attrdomv>
                <attrdomv>
                                        					
                    
                    <edom>
                                                						
                        
                        <edomv>2012</edomv>
                                                					
                    
                    </edom>
                                        				
                
                </attrdomv>
                <attrdomv>
                                        					
                    
                    <edom>
                                                						
                        
                        <edomv>2008</edomv>
                                                					
                    
                    </edom>
                                        				
                
                </attrdomv>
                <attrdomv>
                                        					
                    
                    <edom>
                                                						
                        
                        <edomv>2013</edomv>
                                                					
                    
                    </edom>
                                        				
                
                </attrdomv>
                <attrdomv>
                                        					
                    
                    <edom>
                                                						
                        
                        <edomv>2014</edomv>
                                                					
                    
                    </edom>
                                        				
                
                </attrdomv>
                <attrdomv>
                                        					
                    
                    <edom>
                                                						
                        
                        <edomv>2015</edomv>
                                                					
                    
                    </edom>
                                        				
                
                </attrdomv>
                <attrdomv>
                                        					
                    
                    <edom>
                                                						
                        
                        <edomv>2007</edomv>
                                                					
                    
                    </edom>
                                        				
                
                </attrdomv>
                <attrdomv>
                                        					
                    
                    <edom>
                                                						
                        
                        <edomv>2017</edomv>
                                                					
                    
                    </edom>
                                        				
                
                </attrdomv>
                <attrdomv>
                                        					
                    
                    <edom>
                                                						
                        
                        <edomv>2019</edomv>
                                                					
                    
                    </edom>
                                        				
                
                </attrdomv>
            </attr>
            <attr>
                <attrlabl>FA</attrlabl>
                <attrdef>Federal-aid eligible</attrdef>
                <attrdefs>Calculated</attrdefs>
                <attrdomv>
                                        					
                    
                    <edom>
                                                						
                        
                        <edomv>TRUE</edomv>
                                                					
                    
                    </edom>
                                        				
                
                </attrdomv>
                <attrdomv>
                                        					
                    
                    <edom>
                                                						
                        
                        <edomv>FALSE</edomv>
                                                					
                    
                    </edom>
                                        				
                
                </attrdomv>
            </attr>
            <attr>
                <attrlabl>LENMI</attrlabl>
                <attrdef>Length in miles</attrdef>
                <attrdefs>Calculated (EMP - BMP)</attrdefs>
            </attr>
            <attr>
                <attrlabl>LEGALSYSTE</attrlabl>
                <attrdef>Act 51 Code</attrdef>
                <attrdefs>Michigan Geographic Framework (MGF)</attrdefs>
                <attrdomv>
                                        					
                    
                    <edom>
                                                						
                        
                        <edomv>1</edomv>
                                                						
                        
                        <edomvd>State Trunkline</edomvd>
                                                					
                    
                    </edom>
                                        				
                
                </attrdomv>
                <attrdomv>
                                        					
                    
                    <edom>
                                                						
                        
                        <edomv>7</edomv>
                                                						
                        
                        <edomvd>Uncert with FUNCLASS</edomvd>
                                                					
                    
                    </edom>
                                        				
                
                </attrdomv>
                <attrdomv>
                                        					
                    
                    <edom>
                                                						
                        
                        <edomv>2</edomv>
                                                						
                        
                        <edomvd>County Primary</edomvd>
                                                					
                    
                    </edom>
                                        				
                
                </attrdomv>
                <attrdomv>
                                        					
                    
                    <edom>
                                                						
                        
                        <edomv>5</edomv>
                                                						
                        
                        <edomvd>City Minor</edomvd>
                                                					
                    
                    </edom>
                                        				
                
                </attrdomv>
                <attrdomv>
                                        					
                    
                    <edom>
                                                						
                        
                        <edomv>3</edomv>
                                                						
                        
                        <edomvd>County Local</edomvd>
                                                					
                    
                    </edom>
                                        				
                
                </attrdomv>
                <attrdomv>
                                        					
                    
                    <edom>
                                                						
                        
                        <edomv>4</edomv>
                                                						
                        
                        <edomvd>City Major</edomvd>
                                                					
                    
                    </edom>
                                        				
                
                </attrdomv>
                <attrdomv>
                                        					
                    
                    <edom>
                                                						
                        
                        <edomv>9</edomv>
                                                						
                        
                        <edomvd>Not an Act 51 certified public road</edomvd>
                                                					
                    
                    </edom>
                                        				
                
                </attrdomv>
            </attr>
            <attr>
                <attrlabl>SEMMCDR</attrlabl>
                <attrdef>SEMCOG Minor Civil Division code for the right side of the road.</attrdef>
                <attrdefs>Michigan Geographic Framework (MGF)</attrdefs>
            </attr>
            <attr>
                <attrlabl>VER</attrlabl>
                <attrdef>Michigan Geographic Framework version.</attrdef>
                <attrdefs>Michigan Geographic Framework (MGF)</attrdefs>
            </attr>
            <attr>
                <attrlabl>COUNTYL</attrlabl>
                <attrdef>County code for the left side of the road</attrdef>
                <attrdefs>Michigan Geographic Framework (MGF)</attrdefs>
            </attr>
            <attr>
                <attrlabl>FROMDESC</attrlabl>
                <attrdef>Segment beginning cross street or feature name.</attrdef>
                <attrdefs>RoadSoft</attrdefs>
            </attr>
            <attr>
                <attrlabl>COUNTYR</attrlabl>
                <attrdef>County code for the right side of the road</attrdef>
                <attrdefs>Michigan Geographic Framework (MGF)</attrdefs>
            </attr>
            <attr>
                <attrlabl>PR</attrlabl>
                <attrdef>Physical route number.</attrdef>
                <attrdefs>Michigan Geographic Framework (MGF)</attrdefs>
            </attr>
            <attr>
                <attrlabl>SURFACE</attrlabl>
                <attrdef>Observed Surface Type</attrdef>
                <attrdefs>RoadSoft</attrdefs>
                <attrdomv>
                                        					
                    
                    <edom>
                                                						
                        
                        <edomv>Asphalt</edomv>
                                                						
                        
                        <edomvd>Asphalt or composite pavement</edomvd>
                                                						
                        
                        <edomvds>RoadSoft</edomvds>
                                                					
                    
                    </edom>
                                        				
                
                </attrdomv>
                <attrdomv>
                                        					
                    
                    <edom>
                                                						
                        
                        <edomv>Gravel</edomv>
                                                						
                        
                        <edomvd>Gravel or Earth surface</edomvd>
                                                						
                        
                        <edomvds>RoadSoft</edomvds>
                                                					
                    
                    </edom>
                                        				
                
                </attrdomv>
                <attrdomv>
                                        					
                    
                    <edom>
                                                						
                        
                        <edomv>Brick</edomv>
                                                						
                        
                        <edomvd>Brick pavement</edomvd>
                                                						
                        
                        <edomvds>RoadSoft</edomvds>
                                                					
                    
                    </edom>
                                        				
                
                </attrdomv>
                <attrdomv>
                                        					
                    
                    <edom>
                                                						
                        
                        <edomv>Concrete</edomv>
                                                						
                        
                        <edomvd>Concrete pavement</edomvd>
                                                						
                        
                        <edomvds>RoadSoft</edomvds>
                                                					
                    
                    </edom>
                                        				
                
                </attrdomv>
            </attr>
            <attr>
                <attrlabl>EMP</attrlabl>
                <attrdef>Ending mile point</attrdef>
                <attrdefs>Michigan Geographic Framework (MGF)</attrdefs>
            </attr>
            <attr>
                <attrlabl>COND</attrlabl>
                <attrdef>Road condition observed</attrdef>
                <attrdefs>RoadSoft</attrdefs>
                <attrdomv>
                                        					
                    
                    <edom>
                                                						
                        
                        <edomv>Good</edomv>
                                                						
                        
                        <edomvd>Good = Paser 8, 9 , 10</edomvd>
                                                						
                        
                        <edomvds>RoadSoft</edomvds>
                                                					
                    
                    </edom>
                                        				
                
                </attrdomv>
                <attrdomv>
                                        					
                    
                    <edom>
                                                						
                        
                        <edomv>Poor</edomv>
                                                						
                        
                        <edomvd>Poor = Paser 1, 2, 3, 4</edomvd>
                                                						
                        
                        <edomvds>RoadSoft</edomvds>
                                                					
                    
                    </edom>
                                        				
                
                </attrdomv>
                <attrdomv>
                                        					
                    
                    <edom>
                                                						
                        
                        <edomv>Fair</edomv>
                                                						
                        
                        <edomvd>Fair = Paser 5, 6, 7</edomvd>
                                                						
                        
                        <edomvds>RoadSoft</edomvds>
                                                					
                    
                    </edom>
                                        				
                
                </attrdomv>
            </attr>
            <attr>
                <attrlabl>RU_L</attrlabl>
                <attrdef>Rural Urban Left</attrdef>
                <attrdefs>Michigan Geographic Framework (MGF)</attrdefs>
            </attr>
            <attr>
                <attrlabl>SHAPE</attrlabl>
                <attrdef>Coordinates defining the features.</attrdef>
                <attrdefs>ESRI</attrdefs>
                <attrdomv>
                                        					
                    
                    <udom>Coordinates defining the features.</udom>
                                        				
                
                </attrdomv>
            </attr>
            <attr>
                <attrlabl>LANES</attrlabl>
                <attrdef>Observed number of lanes.</attrdef>
                <attrdefs>RoadSoft</attrdefs>
            </attr>
            <attr>
                <attrlabl>PASER</attrlabl>
                <attrdef>Observed PASER rating</attrdef>
                <attrdefs>RoadSoft</attrdefs>
            </attr>
            <attr>
                <attrlabl>PRNAME</attrlabl>
                <attrdef>Street name</attrdef>
                <attrdefs>RoadSoft</attrdefs>
            </attr>
            <attr>
                <attrlabl>LANEMI</attrlabl>
                <attrdef>LENMI * LANES</attrdef>
                <attrdefs>Calculated</attrdefs>
            </attr>
            <attr>
                <attrlabl>BMP</attrlabl>
                <attrdef>Beginning mile point</attrdef>
                <attrdefs>Michigan Geographic Framework (MGF)</attrdefs>
            </attr>
            <attr>
                <attrlabl>LOC_ERROR</attrlabl>
                <attrdef>Dynamic segmentation error</attrdef>
                <attrdefs>Calculated</attrdefs>
            </attr>
            <attr>
                <attrlabl>ROUNDID</attrlabl>
                <attrdef>Roundabout ID</attrdef>
                <attrdefs>Michigan Geographic Framework (MGF)</attrdefs>
            </attr>
            <attr>
                <attrlabl>RU_R</attrlabl>
                <attrdef>Rural Urban Right</attrdef>
                <attrdefs>Michigan Geographic Framework (MGF)</attrdefs>
            </attr>
            <attr>
                <attrlabl>TODESC</attrlabl>
                <attrdef>Segment ending cross street or feature name.</attrdef>
                <attrdefs>RoadSoft</attrdefs>
            </attr>
        </detailed>
    </eainfo>
    <metainfo>
        <metd>20180503</metd>
        <metc>
            <cntinfo>
                <cntorgp>
                    <cntorg>Southeast Michigan Council of Governments (SEMCOG)</cntorg>
                </cntorgp>
                <cntaddr>
                    <addrtype>mailing and physical</addrtype>
                    <address>1001 Woodward Avenue, Suite 1400</address>
                    <city>Detroit</city>
                    <state>Michigan</state>
                    <postal>48226-1904</postal>
                    <country>UM</country>
                </cntaddr>
                <cntvoice>313-961-4266</cntvoice>
                <cntfax>313-961-4869</cntfax>
                <cntemail>infocenter@semcog.org</cntemail>
            </cntinfo>
        </metc>
        <metstdn>FGDC Content Standard for Digital Geospatial Metadata</metstdn>
        <metstdv>FGDC-STD-001-1998</metstdv>
        <mettc>local time</mettc>
        <metuc>The following data is provided by SEMCOG for informational use only.  Every reasonable effort has been made to assure the accuracy of this data however portions of the information may be incorrect.  When using this data please Source:  SEMCOG.</metuc>
    </metainfo>
</metadata>
